sid,arrsize,bsize,nthreads,total,draw,scatter,sort,gather
0,33554432,409,1,8649518.640625,260670.196289,1941146.697266,6074847.669922,372853.387695
1,33554432,409,1,8629866.958984,225758.165039,1951442.606445,6080014.451172,372650.722656
2,33554432,409,1,8614207.733398,225721.689453,1939471.096680,6076530.039062,372483.990234
